,Religion,lex_list,ling_list,user_list,scores,mean_score
0,True,[],[],[],[0.72043011 0.75268817 0.62365591 0.60869565 0.79347826],0.6997896213183731
1,False,[],[],[],[0.78431373 0.73202614 0.75490196 0.73770492 0.75409836],0.7526090217507768
2,True,[],[],['Gender'],[0.72043011 0.75268817 0.62365591 0.60869565 0.79347826],0.6997896213183731
3,False,[],[],['Gender'],[0.78431373 0.73202614 0.75490196 0.73770492 0.75409836],0.7526090217507768
4,True,[],[],['RI'],[0.72043011 0.75268817 0.62365591 0.60869565 0.79347826],0.6997896213183731
5,False,[],[],['RI'],[0.78431373 0.73202614 0.75490196 0.73770492 0.75409836],0.7526090217507768
6,True,[],[],"['Gender', 'RI']",[0.72043011 0.75268817 0.62365591 0.60869565 0.79347826],0.6997896213183731
7,False,[],[],"['Gender', 'RI']",[0.78431373 0.73202614 0.75490196 0.73770492 0.75409836],0.7526090217507768
8,True,[],['Length'],[],[0.72043011 0.75268817 0.62365591 0.60869565 0.79347826],0.6997896213183731
9,False,[],['Length'],[],[0.78431373 0.73202614 0.75490196 0.73770492 0.75409836],0.7526090217507768
10,True,[],['Length'],['Gender'],[0.72043011 0.75268817 0.62365591 0.60869565 0.79347826],0.6997896213183731
11,False,[],['Length'],['Gender'],[0.78431373 0.73202614 0.75490196 0.73770492 0.75409836],0.7526090217507768
12,True,[],['Length'],['RI'],[0.72043011 0.75268817 0.62365591 0.60869565 0.79347826],0.6997896213183731
13,False,[],['Length'],['RI'],[0.78431373 0.73202614 0.75490196 0.73770492 0.75409836],0.7526090217507768
14,True,[],['Length'],"['Gender', 'RI']",[0.72043011 0.75268817 0.62365591 0.60869565 0.79347826],0.6997896213183731
15,False,[],['Length'],"['Gender', 'RI']",[0.78431373 0.73202614 0.75490196 0.73770492 0.75409836],0.7526090217507768
16,True,[],['Modals'],[],[0.72043011 0.75268817 0.62365591 0.60869565 0.79347826],0.6997896213183731
17,False,[],['Modals'],[],[0.78431373 0.73202614 0.75490196 0.73770492 0.75409836],0.7526090217507768
18,True,[],['Modals'],['Gender'],[0.72043011 0.75268817 0.62365591 0.60869565 0.79347826],0.6997896213183731
19,False,[],['Modals'],['Gender'],[0.78431373 0.73202614 0.75490196 0.73770492 0.75409836],0.7526090217507768
20,True,[],['Modals'],['RI'],[0.72043011 0.75268817 0.62365591 0.60869565 0.79347826],0.6997896213183731
21,False,[],['Modals'],['RI'],[0.78431373 0.73202614 0.75490196 0.73770492 0.75409836],0.7526090217507768
22,True,[],['Modals'],"['Gender', 'RI']",[0.72043011 0.75268817 0.62365591 0.60869565 0.79347826],0.6997896213183731
23,False,[],['Modals'],"['Gender', 'RI']",[0.78431373 0.73202614 0.75490196 0.73770492 0.75409836],0.7526090217507768
24,True,[],['Questions'],[],[0.72043011 0.75268817 0.62365591 0.60869565 0.79347826],0.6997896213183731
25,False,[],['Questions'],[],[0.78431373 0.73202614 0.75490196 0.73770492 0.75409836],0.7526090217507768
26,True,[],['Questions'],['Gender'],[0.72043011 0.75268817 0.62365591 0.60869565 0.79347826],0.6997896213183731
27,False,[],['Questions'],['Gender'],[0.78431373 0.73202614 0.75490196 0.73770492 0.75409836],0.7526090217507768
28,True,[],['Questions'],['RI'],[0.72043011 0.75268817 0.62365591 0.60869565 0.79347826],0.6997896213183731
29,False,[],['Questions'],['RI'],[0.78431373 0.73202614 0.75490196 0.73770492 0.75409836],0.7526090217507768
30,True,[],['Questions'],"['Gender', 'RI']",[0.72043011 0.75268817 0.62365591 0.60869565 0.79347826],0.6997896213183731
31,False,[],['Questions'],"['Gender', 'RI']",[0.78431373 0.73202614 0.75490196 0.73770492 0.75409836],0.7526090217507768
32,True,[],['Links'],[],[0.72043011 0.75268817 0.62365591 0.60869565 0.79347826],0.6997896213183731
33,False,[],['Links'],[],[0.78431373 0.73202614 0.75490196 0.73770492 0.75409836],0.7526090217507768
34,True,[],['Links'],['Gender'],[0.72043011 0.75268817 0.62365591 0.60869565 0.79347826],0.6997896213183731
35,False,[],['Links'],['Gender'],[0.78431373 0.73202614 0.75490196 0.73770492 0.75409836],0.7526090217507768
36,True,[],['Links'],['RI'],[0.72043011 0.75268817 0.62365591 0.60869565 0.79347826],0.6997896213183731
37,False,[],['Links'],['RI'],[0.78431373 0.73202614 0.75490196 0.73770492 0.75409836],0.7526090217507768
38,True,[],['Links'],"['Gender', 'RI']",[0.72043011 0.75268817 0.62365591 0.60869565 0.79347826],0.6997896213183731
39,False,[],['Links'],"['Gender', 'RI']",[0.78431373 0.73202614 0.75490196 0.73770492 0.75409836],0.7526090217507768
40,True,[],"['Length', 'Modals']",[],[0.72043011 0.75268817 0.62365591 0.60869565 0.79347826],0.6997896213183731
41,False,[],"['Length', 'Modals']",[],[0.78431373 0.73202614 0.75490196 0.73770492 0.75409836],0.7526090217507768
42,True,[],"['Length', 'Modals']",['Gender'],[0.72043011 0.75268817 0.62365591 0.60869565 0.79347826],0.6997896213183731
43,False,[],"['Length', 'Modals']",['Gender'],[0.78431373 0.73202614 0.75490196 0.73770492 0.75409836],0.7526090217507768
44,True,[],"['Length', 'Modals']",['RI'],[0.72043011 0.75268817 0.62365591 0.60869565 0.79347826],0.6997896213183731
45,False,[],"['Length', 'Modals']",['RI'],[0.78431373 0.73202614 0.75490196 0.73770492 0.75409836],0.7526090217507768
46,True,[],"['Length', 'Modals']","['Gender', 'RI']",[0.72043011 0.75268817 0.62365591 0.60869565 0.79347826],0.6997896213183731
47,False,[],"['Length', 'Modals']","['Gender', 'RI']",[0.78431373 0.73202614 0.75490196 0.73770492 0.75409836],0.7526090217507768
48,True,[],"['Length', 'Questions']",[],[0.72043011 0.75268817 0.62365591 0.60869565 0.79347826],0.6997896213183731
49,False,[],"['Length', 'Questions']",[],[0.78431373 0.73202614 0.75490196 0.73770492 0.75409836],0.7526090217507768
50,True,[],"['Length', 'Questions']",['Gender'],[0.72043011 0.75268817 0.62365591 0.60869565 0.79347826],0.6997896213183731
51,False,[],"['Length', 'Questions']",['Gender'],[0.78431373 0.73202614 0.75490196 0.73770492 0.75409836],0.7526090217507768
52,True,[],"['Length', 'Questions']",['RI'],[0.72043011 0.75268817 0.62365591 0.60869565 0.79347826],0.6997896213183731
53,False,[],"['Length', 'Questions']",['RI'],[0.78431373 0.73202614 0.75490196 0.73770492 0.75409836],0.7526090217507768
54,True,[],"['Length', 'Questions']","['Gender', 'RI']",[0.72043011 0.75268817 0.62365591 0.60869565 0.79347826],0.6997896213183731
55,False,[],"['Length', 'Questions']","['Gender', 'RI']",[0.78431373 0.73202614 0.75490196 0.73770492 0.75409836],0.7526090217507768
56,True,[],"['Length', 'Links']",[],[0.72043011 0.75268817 0.62365591 0.60869565 0.79347826],0.6997896213183731
57,False,[],"['Length', 'Links']",[],[0.78431373 0.73202614 0.75490196 0.73770492 0.75409836],0.7526090217507768
58,True,[],"['Length', 'Links']",['Gender'],[0.72043011 0.75268817 0.62365591 0.60869565 0.79347826],0.6997896213183731
59,False,[],"['Length', 'Links']",['Gender'],[0.78431373 0.73202614 0.75490196 0.73770492 0.75409836],0.7526090217507768
60,True,[],"['Length', 'Links']",['RI'],[0.72043011 0.75268817 0.62365591 0.60869565 0.79347826],0.6997896213183731
61,False,[],"['Length', 'Links']",['RI'],[0.78431373 0.73202614 0.75490196 0.73770492 0.75409836],0.7526090217507768
62,True,[],"['Length', 'Links']","['Gender', 'RI']",[0.72043011 0.75268817 0.62365591 0.60869565 0.79347826],0.6997896213183731
63,False,[],"['Length', 'Links']","['Gender', 'RI']",[0.78431373 0.73202614 0.75490196 0.73770492 0.75409836],0.7526090217507768
64,True,[],"['Modals', 'Questions']",[],[0.72043011 0.75268817 0.62365591 0.60869565 0.79347826],0.6997896213183731
65,False,[],"['Modals', 'Questions']",[],[0.78431373 0.73202614 0.75490196 0.73770492 0.75409836],0.7526090217507768
66,True,[],"['Modals', 'Questions']",['Gender'],[0.72043011 0.75268817 0.62365591 0.60869565 0.79347826],0.6997896213183731
67,False,[],"['Modals', 'Questions']",['Gender'],[0.78431373 0.73202614 0.75490196 0.73770492 0.75409836],0.7526090217507768
68,True,[],"['Modals', 'Questions']",['RI'],[0.72043011 0.75268817 0.62365591 0.60869565 0.79347826],0.6997896213183731
69,False,[],"['Modals', 'Questions']",['RI'],[0.78431373 0.73202614 0.75490196 0.73770492 0.75409836],0.7526090217507768
70,True,[],"['Modals', 'Questions']","['Gender', 'RI']",[0.72043011 0.75268817 0.62365591 0.60869565 0.79347826],0.6997896213183731
71,False,[],"['Modals', 'Questions']","['Gender', 'RI']",[0.78431373 0.73202614 0.75490196 0.73770492 0.75409836],0.7526090217507768
72,True,[],"['Modals', 'Links']",[],[0.72043011 0.75268817 0.62365591 0.60869565 0.79347826],0.6997896213183731
73,False,[],"['Modals', 'Links']",[],[0.78431373 0.73202614 0.75490196 0.73770492 0.75409836],0.7526090217507768
74,True,[],"['Modals', 'Links']",['Gender'],[0.72043011 0.75268817 0.62365591 0.60869565 0.79347826],0.6997896213183731
75,False,[],"['Modals', 'Links']",['Gender'],[0.78431373 0.73202614 0.75490196 0.73770492 0.75409836],0.7526090217507768
76,True,[],"['Modals', 'Links']",['RI'],[0.72043011 0.75268817 0.62365591 0.60869565 0.79347826],0.6997896213183731
77,False,[],"['Modals', 'Links']",['RI'],[0.78431373 0.73202614 0.75490196 0.73770492 0.75409836],0.7526090217507768
78,True,[],"['Modals', 'Links']","['Gender', 'RI']",[0.72043011 0.75268817 0.62365591 0.60869565 0.79347826],0.6997896213183731
79,False,[],"['Modals', 'Links']","['Gender', 'RI']",[0.78431373 0.73202614 0.75490196 0.73770492 0.75409836],0.7526090217507768
80,True,[],"['Questions', 'Links']",[],[0.72043011 0.75268817 0.62365591 0.60869565 0.79347826],0.6997896213183731
81,False,[],"['Questions', 'Links']",[],[0.78431373 0.73202614 0.75490196 0.73770492 0.75409836],0.7526090217507768
82,True,[],"['Questions', 'Links']",['Gender'],[0.72043011 0.75268817 0.62365591 0.60869565 0.79347826],0.6997896213183731
83,False,[],"['Questions', 'Links']",['Gender'],[0.78431373 0.73202614 0.75490196 0.73770492 0.75409836],0.7526090217507768
84,True,[],"['Questions', 'Links']",['RI'],[0.72043011 0.75268817 0.62365591 0.60869565 0.79347826],0.6997896213183731
85,False,[],"['Questions', 'Links']",['RI'],[0.78431373 0.73202614 0.75490196 0.73770492 0.75409836],0.7526090217507768
86,True,[],"['Questions', 'Links']","['Gender', 'RI']",[0.72043011 0.75268817 0.62365591 0.60869565 0.79347826],0.6997896213183731
87,False,[],"['Questions', 'Links']","['Gender', 'RI']",[0.78431373 0.73202614 0.75490196 0.73770492 0.75409836],0.7526090217507768
88,True,[],"['Length', 'Modals', 'Questions']",[],[0.72043011 0.75268817 0.62365591 0.60869565 0.79347826],0.6997896213183731
89,False,[],"['Length', 'Modals', 'Questions']",[],[0.78431373 0.73202614 0.75490196 0.73770492 0.75409836],0.7526090217507768
90,True,[],"['Length', 'Modals', 'Questions']",['Gender'],[0.72043011 0.75268817 0.62365591 0.60869565 0.79347826],0.6997896213183731
91,False,[],"['Length', 'Modals', 'Questions']",['Gender'],[0.78431373 0.73202614 0.75490196 0.73770492 0.75409836],0.7526090217507768
92,True,[],"['Length', 'Modals', 'Questions']",['RI'],[0.72043011 0.75268817 0.62365591 0.60869565 0.79347826],0.6997896213183731
93,False,[],"['Length', 'Modals', 'Questions']",['RI'],[0.78431373 0.73202614 0.75490196 0.73770492 0.75409836],0.7526090217507768
94,True,[],"['Length', 'Modals', 'Questions']","['Gender', 'RI']",[0.72043011 0.75268817 0.62365591 0.60869565 0.79347826],0.6997896213183731
95,False,[],"['Length', 'Modals', 'Questions']","['Gender', 'RI']",[0.78431373 0.73202614 0.75490196 0.73770492 0.75409836],0.7526090217507768
96,True,[],"['Length', 'Modals', 'Links']",[],[0.72043011 0.75268817 0.62365591 0.60869565 0.79347826],0.6997896213183731
97,False,[],"['Length', 'Modals', 'Links']",[],[0.78431373 0.73202614 0.75490196 0.73770492 0.75409836],0.7526090217507768
98,True,[],"['Length', 'Modals', 'Links']",['Gender'],[0.72043011 0.75268817 0.62365591 0.60869565 0.79347826],0.6997896213183731
99,False,[],"['Length', 'Modals', 'Links']",['Gender'],[0.78431373 0.73202614 0.75490196 0.73770492 0.75409836],0.7526090217507768
100,True,[],"['Length', 'Modals', 'Links']",['RI'],[0.72043011 0.75268817 0.62365591 0.60869565 0.79347826],0.6997896213183731
101,False,[],"['Length', 'Modals', 'Links']",['RI'],[0.78431373 0.73202614 0.75490196 0.73770492 0.75409836],0.7526090217507768
102,True,[],"['Length', 'Modals', 'Links']","['Gender', 'RI']",[0.72043011 0.75268817 0.62365591 0.60869565 0.79347826],0.6997896213183731
103,False,[],"['Length', 'Modals', 'Links']","['Gender', 'RI']",[0.78431373 0.73202614 0.75490196 0.73770492 0.75409836],0.7526090217507768
104,True,[],"['Length', 'Questions', 'Links']",[],[0.72043011 0.75268817 0.62365591 0.60869565 0.79347826],0.6997896213183731
105,False,[],"['Length', 'Questions', 'Links']",[],[0.78431373 0.73202614 0.75490196 0.73770492 0.75409836],0.7526090217507768
106,True,[],"['Length', 'Questions', 'Links']",['Gender'],[0.72043011 0.75268817 0.62365591 0.60869565 0.79347826],0.6997896213183731
107,False,[],"['Length', 'Questions', 'Links']",['Gender'],[0.78431373 0.73202614 0.75490196 0.73770492 0.75409836],0.7526090217507768
108,True,[],"['Length', 'Questions', 'Links']",['RI'],[0.72043011 0.75268817 0.62365591 0.60869565 0.79347826],0.6997896213183731
109,False,[],"['Length', 'Questions', 'Links']",['RI'],[0.78431373 0.73202614 0.75490196 0.73770492 0.75409836],0.7526090217507768
110,True,[],"['Length', 'Questions', 'Links']","['Gender', 'RI']",[0.72043011 0.75268817 0.62365591 0.60869565 0.79347826],0.6997896213183731
111,False,[],"['Length', 'Questions', 'Links']","['Gender', 'RI']",[0.78431373 0.73202614 0.75490196 0.73770492 0.75409836],0.7526090217507768
112,True,[],"['Modals', 'Questions', 'Links']",[],[0.72043011 0.75268817 0.62365591 0.60869565 0.79347826],0.6997896213183731
113,False,[],"['Modals', 'Questions', 'Links']",[],[0.78431373 0.73202614 0.75490196 0.73770492 0.75409836],0.7526090217507768
114,True,[],"['Modals', 'Questions', 'Links']",['Gender'],[0.72043011 0.75268817 0.62365591 0.60869565 0.79347826],0.6997896213183731
115,False,[],"['Modals', 'Questions', 'Links']",['Gender'],[0.78431373 0.73202614 0.75490196 0.73770492 0.75409836],0.7526090217507768
116,True,[],"['Modals', 'Questions', 'Links']",['RI'],[0.72043011 0.75268817 0.62365591 0.60869565 0.79347826],0.6997896213183731
117,False,[],"['Modals', 'Questions', 'Links']",['RI'],[0.78431373 0.73202614 0.75490196 0.73770492 0.75409836],0.7526090217507768
118,True,[],"['Modals', 'Questions', 'Links']","['Gender', 'RI']",[0.72043011 0.75268817 0.62365591 0.60869565 0.79347826],0.6997896213183731
119,False,[],"['Modals', 'Questions', 'Links']","['Gender', 'RI']",[0.78431373 0.73202614 0.75490196 0.73770492 0.75409836],0.7526090217507768
120,True,[],"['Length', 'Modals', 'Questions', 'Links']",[],[0.72043011 0.75268817 0.62365591 0.60869565 0.79347826],0.6997896213183731
121,False,[],"['Length', 'Modals', 'Questions', 'Links']",[],[0.78431373 0.73202614 0.75490196 0.73770492 0.75409836],0.7526090217507768
122,True,[],"['Length', 'Modals', 'Questions', 'Links']",['Gender'],[0.72043011 0.75268817 0.62365591 0.60869565 0.79347826],0.6997896213183731
123,False,[],"['Length', 'Modals', 'Questions', 'Links']",['Gender'],[0.78431373 0.73202614 0.75490196 0.73770492 0.75409836],0.7526090217507768
124,True,[],"['Length', 'Modals', 'Questions', 'Links']",['RI'],[0.72043011 0.75268817 0.62365591 0.60869565 0.79347826],0.6997896213183731
125,False,[],"['Length', 'Modals', 'Questions', 'Links']",['RI'],[0.78431373 0.73202614 0.75490196 0.73770492 0.75409836],0.7526090217507768
126,True,[],"['Length', 'Modals', 'Questions', 'Links']","['Gender', 'RI']",[0.72043011 0.75268817 0.62365591 0.60869565 0.79347826],0.6997896213183731
127,False,[],"['Length', 'Modals', 'Questions', 'Links']","['Gender', 'RI']",[0.78431373 0.73202614 0.75490196 0.73770492 0.75409836],0.7526090217507768
128,True,['CL'],[],[],[0.72043011 0.75268817 0.62365591 0.60869565 0.79347826],0.6997896213183731
129,False,['CL'],[],[],[0.78431373 0.73202614 0.75490196 0.73770492 0.75409836],0.7526090217507768
130,True,['CL'],[],['Gender'],[0.72043011 0.75268817 0.62365591 0.60869565 0.79347826],0.6997896213183731
131,False,['CL'],[],['Gender'],[0.78431373 0.73202614 0.75490196 0.73770492 0.75409836],0.7526090217507768
132,True,['CL'],[],['RI'],[0.72043011 0.75268817 0.62365591 0.60869565 0.79347826],0.6997896213183731
133,False,['CL'],[],['RI'],[0.78431373 0.73202614 0.75490196 0.73770492 0.75409836],0.7526090217507768
134,True,['CL'],[],"['Gender', 'RI']",[0.72043011 0.75268817 0.62365591 0.60869565 0.79347826],0.6997896213183731
135,False,['CL'],[],"['Gender', 'RI']",[0.78431373 0.73202614 0.75490196 0.73770492 0.75409836],0.7526090217507768
136,True,['CL'],['Length'],[],[0.72043011 0.75268817 0.62365591 0.60869565 0.79347826],0.6997896213183731
137,False,['CL'],['Length'],[],[0.78431373 0.73202614 0.75490196 0.73770492 0.75409836],0.7526090217507768
138,True,['CL'],['Length'],['Gender'],[0.72043011 0.75268817 0.62365591 0.60869565 0.79347826],0.6997896213183731
139,False,['CL'],['Length'],['Gender'],[0.78431373 0.73202614 0.75490196 0.73770492 0.75409836],0.7526090217507768
140,True,['CL'],['Length'],['RI'],[0.72043011 0.75268817 0.62365591 0.60869565 0.79347826],0.6997896213183731
141,False,['CL'],['Length'],['RI'],[0.78431373 0.73202614 0.75490196 0.73770492 0.75409836],0.7526090217507768
142,True,['CL'],['Length'],"['Gender', 'RI']",[0.72043011 0.75268817 0.62365591 0.60869565 0.79347826],0.6997896213183731
143,False,['CL'],['Length'],"['Gender', 'RI']",[0.78431373 0.73202614 0.75490196 0.73770492 0.75409836],0.7526090217507768
144,True,['CL'],['Modals'],[],[0.72043011 0.75268817 0.62365591 0.60869565 0.79347826],0.6997896213183731
145,False,['CL'],['Modals'],[],[0.78431373 0.73202614 0.75490196 0.73770492 0.75409836],0.7526090217507768
146,True,['CL'],['Modals'],['Gender'],[0.72043011 0.75268817 0.62365591 0.60869565 0.79347826],0.6997896213183731
147,False,['CL'],['Modals'],['Gender'],[0.78431373 0.73202614 0.75490196 0.73770492 0.75409836],0.7526090217507768
148,True,['CL'],['Modals'],['RI'],[0.72043011 0.75268817 0.62365591 0.60869565 0.79347826],0.6997896213183731
149,False,['CL'],['Modals'],['RI'],[0.78431373 0.73202614 0.75490196 0.73770492 0.75409836],0.7526090217507768
150,True,['CL'],['Modals'],"['Gender', 'RI']",[0.72043011 0.75268817 0.62365591 0.60869565 0.79347826],0.6997896213183731
151,False,['CL'],['Modals'],"['Gender', 'RI']",[0.78431373 0.73202614 0.75490196 0.73770492 0.75409836],0.7526090217507768
152,True,['CL'],['Questions'],[],[0.72043011 0.75268817 0.62365591 0.60869565 0.79347826],0.6997896213183731
153,False,['CL'],['Questions'],[],[0.78431373 0.73202614 0.75490196 0.73770492 0.75409836],0.7526090217507768
154,True,['CL'],['Questions'],['Gender'],[0.72043011 0.75268817 0.62365591 0.60869565 0.79347826],0.6997896213183731
155,False,['CL'],['Questions'],['Gender'],[0.78431373 0.73202614 0.75490196 0.73770492 0.75409836],0.7526090217507768
156,True,['CL'],['Questions'],['RI'],[0.72043011 0.75268817 0.62365591 0.60869565 0.79347826],0.6997896213183731
157,False,['CL'],['Questions'],['RI'],[0.78431373 0.73202614 0.75490196 0.73770492 0.75409836],0.7526090217507768
158,True,['CL'],['Questions'],"['Gender', 'RI']",[0.72043011 0.75268817 0.62365591 0.60869565 0.79347826],0.6997896213183731
159,False,['CL'],['Questions'],"['Gender', 'RI']",[0.78431373 0.73202614 0.75490196 0.73770492 0.75409836],0.7526090217507768
160,True,['CL'],['Links'],[],[0.72043011 0.75268817 0.62365591 0.60869565 0.79347826],0.6997896213183731
161,False,['CL'],['Links'],[],[0.78431373 0.73202614 0.75490196 0.73770492 0.75409836],0.7526090217507768
162,True,['CL'],['Links'],['Gender'],[0.72043011 0.75268817 0.62365591 0.60869565 0.79347826],0.6997896213183731
163,False,['CL'],['Links'],['Gender'],[0.78431373 0.73202614 0.75490196 0.73770492 0.75409836],0.7526090217507768
164,True,['CL'],['Links'],['RI'],[0.72043011 0.75268817 0.62365591 0.60869565 0.79347826],0.6997896213183731
165,False,['CL'],['Links'],['RI'],[0.78431373 0.73202614 0.75490196 0.73770492 0.75409836],0.7526090217507768
166,True,['CL'],['Links'],"['Gender', 'RI']",[0.72043011 0.75268817 0.62365591 0.60869565 0.79347826],0.6997896213183731
167,False,['CL'],['Links'],"['Gender', 'RI']",[0.78431373 0.73202614 0.75490196 0.73770492 0.75409836],0.7526090217507768
168,True,['CL'],"['Length', 'Modals']",[],[0.72043011 0.75268817 0.62365591 0.60869565 0.79347826],0.6997896213183731
169,False,['CL'],"['Length', 'Modals']",[],[0.78431373 0.73202614 0.75490196 0.73770492 0.75409836],0.7526090217507768
170,True,['CL'],"['Length', 'Modals']",['Gender'],[0.72043011 0.75268817 0.62365591 0.60869565 0.79347826],0.6997896213183731
171,False,['CL'],"['Length', 'Modals']",['Gender'],[0.78431373 0.73202614 0.75490196 0.73770492 0.75409836],0.7526090217507768
172,True,['CL'],"['Length', 'Modals']",['RI'],[0.72043011 0.75268817 0.62365591 0.60869565 0.79347826],0.6997896213183731
173,False,['CL'],"['Length', 'Modals']",['RI'],[0.78431373 0.73202614 0.75490196 0.73770492 0.75409836],0.7526090217507768
174,True,['CL'],"['Length', 'Modals']","['Gender', 'RI']",[0.72043011 0.75268817 0.62365591 0.60869565 0.79347826],0.6997896213183731
175,False,['CL'],"['Length', 'Modals']","['Gender', 'RI']",[0.78431373 0.73202614 0.75490196 0.73770492 0.75409836],0.7526090217507768
176,True,['CL'],"['Length', 'Questions']",[],[0.72043011 0.75268817 0.62365591 0.60869565 0.79347826],0.6997896213183731
177,False,['CL'],"['Length', 'Questions']",[],[0.78431373 0.73202614 0.75490196 0.73770492 0.75409836],0.7526090217507768
178,True,['CL'],"['Length', 'Questions']",['Gender'],[0.72043011 0.75268817 0.62365591 0.60869565 0.79347826],0.6997896213183731
179,False,['CL'],"['Length', 'Questions']",['Gender'],[0.78431373 0.73202614 0.75490196 0.73770492 0.75409836],0.7526090217507768
180,True,['CL'],"['Length', 'Questions']",['RI'],[0.72043011 0.75268817 0.62365591 0.60869565 0.79347826],0.6997896213183731
181,False,['CL'],"['Length', 'Questions']",['RI'],[0.78431373 0.73202614 0.75490196 0.73770492 0.75409836],0.7526090217507768
182,True,['CL'],"['Length', 'Questions']","['Gender', 'RI']",[0.72043011 0.75268817 0.62365591 0.60869565 0.79347826],0.6997896213183731
183,False,['CL'],"['Length', 'Questions']","['Gender', 'RI']",[0.78431373 0.73202614 0.75490196 0.73770492 0.75409836],0.7526090217507768
184,True,['CL'],"['Length', 'Links']",[],[0.72043011 0.75268817 0.62365591 0.60869565 0.79347826],0.6997896213183731
185,False,['CL'],"['Length', 'Links']",[],[0.78431373 0.73202614 0.75490196 0.73770492 0.75409836],0.7526090217507768
186,True,['CL'],"['Length', 'Links']",['Gender'],[0.72043011 0.75268817 0.62365591 0.60869565 0.79347826],0.6997896213183731
187,False,['CL'],"['Length', 'Links']",['Gender'],[0.78431373 0.73202614 0.75490196 0.73770492 0.75409836],0.7526090217507768
188,True,['CL'],"['Length', 'Links']",['RI'],[0.72043011 0.75268817 0.62365591 0.60869565 0.79347826],0.6997896213183731
189,False,['CL'],"['Length', 'Links']",['RI'],[0.78431373 0.73202614 0.75490196 0.73770492 0.75409836],0.7526090217507768
190,True,['CL'],"['Length', 'Links']","['Gender', 'RI']",[0.72043011 0.75268817 0.62365591 0.60869565 0.79347826],0.6997896213183731
191,False,['CL'],"['Length', 'Links']","['Gender', 'RI']",[0.78431373 0.73202614 0.75490196 0.73770492 0.75409836],0.7526090217507768
192,True,['CL'],"['Modals', 'Questions']",[],[0.72043011 0.75268817 0.62365591 0.60869565 0.79347826],0.6997896213183731
193,False,['CL'],"['Modals', 'Questions']",[],[0.78431373 0.73202614 0.75490196 0.73770492 0.75409836],0.7526090217507768
194,True,['CL'],"['Modals', 'Questions']",['Gender'],[0.72043011 0.75268817 0.62365591 0.60869565 0.79347826],0.6997896213183731
195,False,['CL'],"['Modals', 'Questions']",['Gender'],[0.78431373 0.73202614 0.75490196 0.73770492 0.75409836],0.7526090217507768
196,True,['CL'],"['Modals', 'Questions']",['RI'],[0.72043011 0.75268817 0.62365591 0.60869565 0.79347826],0.6997896213183731
197,False,['CL'],"['Modals', 'Questions']",['RI'],[0.78431373 0.73202614 0.75490196 0.73770492 0.75409836],0.7526090217507768
198,True,['CL'],"['Modals', 'Questions']","['Gender', 'RI']",[0.72043011 0.75268817 0.62365591 0.60869565 0.79347826],0.6997896213183731
199,False,['CL'],"['Modals', 'Questions']","['Gender', 'RI']",[0.78431373 0.73202614 0.75490196 0.73770492 0.75409836],0.7526090217507768
200,True,['CL'],"['Modals', 'Links']",[],[0.72043011 0.75268817 0.62365591 0.60869565 0.79347826],0.6997896213183731
201,False,['CL'],"['Modals', 'Links']",[],[0.78431373 0.73202614 0.75490196 0.73770492 0.75409836],0.7526090217507768
202,True,['CL'],"['Modals', 'Links']",['Gender'],[0.72043011 0.75268817 0.62365591 0.60869565 0.79347826],0.6997896213183731
203,False,['CL'],"['Modals', 'Links']",['Gender'],[0.78431373 0.73202614 0.75490196 0.73770492 0.75409836],0.7526090217507768
204,True,['CL'],"['Modals', 'Links']",['RI'],[0.72043011 0.75268817 0.62365591 0.60869565 0.79347826],0.6997896213183731
205,False,['CL'],"['Modals', 'Links']",['RI'],[0.78431373 0.73202614 0.75490196 0.73770492 0.75409836],0.7526090217507768
206,True,['CL'],"['Modals', 'Links']","['Gender', 'RI']",[0.72043011 0.75268817 0.62365591 0.60869565 0.79347826],0.6997896213183731
207,False,['CL'],"['Modals', 'Links']","['Gender', 'RI']",[0.78431373 0.73202614 0.75490196 0.73770492 0.75409836],0.7526090217507768
208,True,['CL'],"['Questions', 'Links']",[],[0.72043011 0.75268817 0.62365591 0.60869565 0.79347826],0.6997896213183731
209,False,['CL'],"['Questions', 'Links']",[],[0.78431373 0.73202614 0.75490196 0.73770492 0.75409836],0.7526090217507768
210,True,['CL'],"['Questions', 'Links']",['Gender'],[0.72043011 0.75268817 0.62365591 0.60869565 0.79347826],0.6997896213183731
211,False,['CL'],"['Questions', 'Links']",['Gender'],[0.78431373 0.73202614 0.75490196 0.73770492 0.75409836],0.7526090217507768
212,True,['CL'],"['Questions', 'Links']",['RI'],[0.72043011 0.75268817 0.62365591 0.60869565 0.79347826],0.6997896213183731
213,False,['CL'],"['Questions', 'Links']",['RI'],[0.78431373 0.73202614 0.75490196 0.73770492 0.75409836],0.7526090217507768
214,True,['CL'],"['Questions', 'Links']","['Gender', 'RI']",[0.72043011 0.75268817 0.62365591 0.60869565 0.79347826],0.6997896213183731
215,False,['CL'],"['Questions', 'Links']","['Gender', 'RI']",[0.78431373 0.73202614 0.75490196 0.73770492 0.75409836],0.7526090217507768
216,True,['CL'],"['Length', 'Modals', 'Questions']",[],[0.72043011 0.75268817 0.62365591 0.60869565 0.79347826],0.6997896213183731
217,False,['CL'],"['Length', 'Modals', 'Questions']",[],[0.78431373 0.73202614 0.75490196 0.73770492 0.75409836],0.7526090217507768
218,True,['CL'],"['Length', 'Modals', 'Questions']",['Gender'],[0.72043011 0.75268817 0.62365591 0.60869565 0.79347826],0.6997896213183731
219,False,['CL'],"['Length', 'Modals', 'Questions']",['Gender'],[0.78431373 0.73202614 0.75490196 0.73770492 0.75409836],0.7526090217507768
220,True,['CL'],"['Length', 'Modals', 'Questions']",['RI'],[0.72043011 0.75268817 0.62365591 0.60869565 0.79347826],0.6997896213183731
221,False,['CL'],"['Length', 'Modals', 'Questions']",['RI'],[0.78431373 0.73202614 0.75490196 0.73770492 0.75409836],0.7526090217507768
222,True,['CL'],"['Length', 'Modals', 'Questions']","['Gender', 'RI']",[0.72043011 0.75268817 0.62365591 0.60869565 0.79347826],0.6997896213183731
223,False,['CL'],"['Length', 'Modals', 'Questions']","['Gender', 'RI']",[0.78431373 0.73202614 0.75490196 0.73770492 0.75409836],0.7526090217507768
224,True,['CL'],"['Length', 'Modals', 'Links']",[],[0.72043011 0.75268817 0.62365591 0.60869565 0.79347826],0.6997896213183731
225,False,['CL'],"['Length', 'Modals', 'Links']",[],[0.78431373 0.73202614 0.75490196 0.73770492 0.75409836],0.7526090217507768
226,True,['CL'],"['Length', 'Modals', 'Links']",['Gender'],[0.72043011 0.75268817 0.62365591 0.60869565 0.79347826],0.6997896213183731
227,False,['CL'],"['Length', 'Modals', 'Links']",['Gender'],[0.78431373 0.73202614 0.75490196 0.73770492 0.75409836],0.7526090217507768
228,True,['CL'],"['Length', 'Modals', 'Links']",['RI'],[0.72043011 0.75268817 0.62365591 0.60869565 0.79347826],0.6997896213183731
229,False,['CL'],"['Length', 'Modals', 'Links']",['RI'],[0.78431373 0.73202614 0.75490196 0.73770492 0.75409836],0.7526090217507768
230,True,['CL'],"['Length', 'Modals', 'Links']","['Gender', 'RI']",[0.72043011 0.75268817 0.62365591 0.60869565 0.79347826],0.6997896213183731
231,False,['CL'],"['Length', 'Modals', 'Links']","['Gender', 'RI']",[0.78431373 0.73202614 0.75490196 0.73770492 0.75409836],0.7526090217507768
232,True,['CL'],"['Length', 'Questions', 'Links']",[],[0.72043011 0.75268817 0.62365591 0.60869565 0.79347826],0.6997896213183731
233,False,['CL'],"['Length', 'Questions', 'Links']",[],[0.78431373 0.73202614 0.75490196 0.73770492 0.75409836],0.7526090217507768
234,True,['CL'],"['Length', 'Questions', 'Links']",['Gender'],[0.72043011 0.75268817 0.62365591 0.60869565 0.79347826],0.6997896213183731
235,False,['CL'],"['Length', 'Questions', 'Links']",['Gender'],[0.78431373 0.73202614 0.75490196 0.73770492 0.75409836],0.7526090217507768
236,True,['CL'],"['Length', 'Questions', 'Links']",['RI'],[0.72043011 0.75268817 0.62365591 0.60869565 0.79347826],0.6997896213183731
237,False,['CL'],"['Length', 'Questions', 'Links']",['RI'],[0.78431373 0.73202614 0.75490196 0.73770492 0.75409836],0.7526090217507768
238,True,['CL'],"['Length', 'Questions', 'Links']","['Gender', 'RI']",[0.72043011 0.75268817 0.62365591 0.60869565 0.79347826],0.6997896213183731
239,False,['CL'],"['Length', 'Questions', 'Links']","['Gender', 'RI']",[0.78431373 0.73202614 0.75490196 0.73770492 0.75409836],0.7526090217507768
240,True,['CL'],"['Modals', 'Questions', 'Links']",[],[0.72043011 0.75268817 0.62365591 0.60869565 0.79347826],0.6997896213183731
241,False,['CL'],"['Modals', 'Questions', 'Links']",[],[0.78431373 0.73202614 0.75490196 0.73770492 0.75409836],0.7526090217507768
242,True,['CL'],"['Modals', 'Questions', 'Links']",['Gender'],[0.72043011 0.75268817 0.62365591 0.60869565 0.79347826],0.6997896213183731
243,False,['CL'],"['Modals', 'Questions', 'Links']",['Gender'],[0.78431373 0.73202614 0.75490196 0.73770492 0.75409836],0.7526090217507768
244,True,['CL'],"['Modals', 'Questions', 'Links']",['RI'],[0.72043011 0.75268817 0.62365591 0.60869565 0.79347826],0.6997896213183731
245,False,['CL'],"['Modals', 'Questions', 'Links']",['RI'],[0.78431373 0.73202614 0.75490196 0.73770492 0.75409836],0.7526090217507768
246,True,['CL'],"['Modals', 'Questions', 'Links']","['Gender', 'RI']",[0.72043011 0.75268817 0.62365591 0.60869565 0.79347826],0.6997896213183731
247,False,['CL'],"['Modals', 'Questions', 'Links']","['Gender', 'RI']",[0.78431373 0.73202614 0.75490196 0.73770492 0.75409836],0.7526090217507768
248,True,['CL'],"['Length', 'Modals', 'Questions', 'Links']",[],[0.72043011 0.75268817 0.62365591 0.60869565 0.79347826],0.6997896213183731
249,False,['CL'],"['Length', 'Modals', 'Questions', 'Links']",[],[0.78431373 0.73202614 0.75490196 0.73770492 0.75409836],0.7526090217507768
250,True,['CL'],"['Length', 'Modals', 'Questions', 'Links']",['Gender'],[0.72043011 0.75268817 0.62365591 0.60869565 0.79347826],0.6997896213183731
251,False,['CL'],"['Length', 'Modals', 'Questions', 'Links']",['Gender'],[0.78431373 0.73202614 0.75490196 0.73770492 0.75409836],0.7526090217507768
252,True,['CL'],"['Length', 'Modals', 'Questions', 'Links']",['RI'],[0.72043011 0.75268817 0.62365591 0.60869565 0.79347826],0.6997896213183731
253,False,['CL'],"['Length', 'Modals', 'Questions', 'Links']",['RI'],[0.78431373 0.73202614 0.75490196 0.73770492 0.75409836],0.7526090217507768
254,True,['CL'],"['Length', 'Modals', 'Questions', 'Links']","['Gender', 'RI']",[0.72043011 0.75268817 0.62365591 0.60869565 0.79347826],0.6997896213183731
255,False,['CL'],"['Length', 'Modals', 'Questions', 'Links']","['Gender', 'RI']",[0.78431373 0.73202614 0.75490196 0.73770492 0.75409836],0.7526090217507768
256,True,['NVL'],[],[],[0.72043011 0.75268817 0.62365591 0.60869565 0.79347826],0.6997896213183731
257,False,['NVL'],[],[],[0.78431373 0.73202614 0.75490196 0.73770492 0.75409836],0.7526090217507768
258,True,['NVL'],[],['Gender'],[0.72043011 0.75268817 0.62365591 0.60869565 0.79347826],0.6997896213183731
259,False,['NVL'],[],['Gender'],[0.78431373 0.73202614 0.75490196 0.73770492 0.75409836],0.7526090217507768
260,True,['NVL'],[],['RI'],[0.72043011 0.75268817 0.62365591 0.60869565 0.79347826],0.6997896213183731
261,False,['NVL'],[],['RI'],[0.78431373 0.73202614 0.75490196 0.73770492 0.75409836],0.7526090217507768
262,True,['NVL'],[],"['Gender', 'RI']",[0.72043011 0.75268817 0.62365591 0.60869565 0.79347826],0.6997896213183731
263,False,['NVL'],[],"['Gender', 'RI']",[0.78431373 0.73202614 0.75490196 0.73770492 0.75409836],0.7526090217507768
264,True,['NVL'],['Length'],[],[0.72043011 0.75268817 0.62365591 0.60869565 0.79347826],0.6997896213183731
265,False,['NVL'],['Length'],[],[0.78431373 0.73202614 0.75490196 0.73770492 0.75409836],0.7526090217507768
266,True,['NVL'],['Length'],['Gender'],[0.72043011 0.75268817 0.62365591 0.60869565 0.79347826],0.6997896213183731
267,False,['NVL'],['Length'],['Gender'],[0.78431373 0.73202614 0.75490196 0.73770492 0.75409836],0.7526090217507768
268,True,['NVL'],['Length'],['RI'],[0.72043011 0.75268817 0.62365591 0.60869565 0.79347826],0.6997896213183731
269,False,['NVL'],['Length'],['RI'],[0.78431373 0.73202614 0.75490196 0.73770492 0.75409836],0.7526090217507768
270,True,['NVL'],['Length'],"['Gender', 'RI']",[0.72043011 0.75268817 0.62365591 0.60869565 0.79347826],0.6997896213183731
271,False,['NVL'],['Length'],"['Gender', 'RI']",[0.78431373 0.73202614 0.75490196 0.73770492 0.75409836],0.7526090217507768
272,True,['NVL'],['Modals'],[],[0.72043011 0.75268817 0.62365591 0.60869565 0.79347826],0.6997896213183731
273,False,['NVL'],['Modals'],[],[0.78431373 0.73202614 0.75490196 0.73770492 0.75409836],0.7526090217507768
274,True,['NVL'],['Modals'],['Gender'],[0.72043011 0.75268817 0.62365591 0.60869565 0.79347826],0.6997896213183731
275,False,['NVL'],['Modals'],['Gender'],[0.78431373 0.73202614 0.75490196 0.73770492 0.75409836],0.7526090217507768
276,True,['NVL'],['Modals'],['RI'],[0.72043011 0.75268817 0.62365591 0.60869565 0.79347826],0.6997896213183731
277,False,['NVL'],['Modals'],['RI'],[0.78431373 0.73202614 0.75490196 0.73770492 0.75409836],0.7526090217507768
278,True,['NVL'],['Modals'],"['Gender', 'RI']",[0.72043011 0.75268817 0.62365591 0.60869565 0.79347826],0.6997896213183731
279,False,['NVL'],['Modals'],"['Gender', 'RI']",[0.78431373 0.73202614 0.75490196 0.73770492 0.75409836],0.7526090217507768
280,True,['NVL'],['Questions'],[],[0.72043011 0.75268817 0.62365591 0.60869565 0.79347826],0.6997896213183731
281,False,['NVL'],['Questions'],[],[0.78431373 0.73202614 0.75490196 0.73770492 0.75409836],0.7526090217507768
282,True,['NVL'],['Questions'],['Gender'],[0.72043011 0.75268817 0.62365591 0.60869565 0.79347826],0.6997896213183731
283,False,['NVL'],['Questions'],['Gender'],[0.78431373 0.73202614 0.75490196 0.73770492 0.75409836],0.7526090217507768
284,True,['NVL'],['Questions'],['RI'],[0.72043011 0.75268817 0.62365591 0.60869565 0.79347826],0.6997896213183731
285,False,['NVL'],['Questions'],['RI'],[0.78431373 0.73202614 0.75490196 0.73770492 0.75409836],0.7526090217507768
286,True,['NVL'],['Questions'],"['Gender', 'RI']",[0.72043011 0.75268817 0.62365591 0.60869565 0.79347826],0.6997896213183731
287,False,['NVL'],['Questions'],"['Gender', 'RI']",[0.78431373 0.73202614 0.75490196 0.73770492 0.75409836],0.7526090217507768
288,True,['NVL'],['Links'],[],[0.72043011 0.75268817 0.62365591 0.60869565 0.79347826],0.6997896213183731
289,False,['NVL'],['Links'],[],[0.78431373 0.73202614 0.75490196 0.73770492 0.75409836],0.7526090217507768
290,True,['NVL'],['Links'],['Gender'],[0.72043011 0.75268817 0.62365591 0.60869565 0.79347826],0.6997896213183731
291,False,['NVL'],['Links'],['Gender'],[0.78431373 0.73202614 0.75490196 0.73770492 0.75409836],0.7526090217507768
292,True,['NVL'],['Links'],['RI'],[0.72043011 0.75268817 0.62365591 0.60869565 0.79347826],0.6997896213183731
293,False,['NVL'],['Links'],['RI'],[0.78431373 0.73202614 0.75490196 0.73770492 0.75409836],0.7526090217507768
294,True,['NVL'],['Links'],"['Gender', 'RI']",[0.72043011 0.75268817 0.62365591 0.60869565 0.79347826],0.6997896213183731
295,False,['NVL'],['Links'],"['Gender', 'RI']",[0.78431373 0.73202614 0.75490196 0.73770492 0.75409836],0.7526090217507768
296,True,['NVL'],"['Length', 'Modals']",[],[0.72043011 0.75268817 0.62365591 0.60869565 0.79347826],0.6997896213183731
297,False,['NVL'],"['Length', 'Modals']",[],[0.78431373 0.73202614 0.75490196 0.73770492 0.75409836],0.7526090217507768
298,True,['NVL'],"['Length', 'Modals']",['Gender'],[0.72043011 0.75268817 0.62365591 0.60869565 0.79347826],0.6997896213183731
299,False,['NVL'],"['Length', 'Modals']",['Gender'],[0.78431373 0.73202614 0.75490196 0.73770492 0.75409836],0.7526090217507768
300,True,['NVL'],"['Length', 'Modals']",['RI'],[0.72043011 0.75268817 0.62365591 0.60869565 0.79347826],0.6997896213183731
301,False,['NVL'],"['Length', 'Modals']",['RI'],[0.78431373 0.73202614 0.75490196 0.73770492 0.75409836],0.7526090217507768
302,True,['NVL'],"['Length', 'Modals']","['Gender', 'RI']",[0.72043011 0.75268817 0.62365591 0.60869565 0.79347826],0.6997896213183731
303,False,['NVL'],"['Length', 'Modals']","['Gender', 'RI']",[0.78431373 0.73202614 0.75490196 0.73770492 0.75409836],0.7526090217507768
304,True,['NVL'],"['Length', 'Questions']",[],[0.72043011 0.75268817 0.62365591 0.60869565 0.79347826],0.6997896213183731
305,False,['NVL'],"['Length', 'Questions']",[],[0.78431373 0.73202614 0.75490196 0.73770492 0.75409836],0.7526090217507768
306,True,['NVL'],"['Length', 'Questions']",['Gender'],[0.72043011 0.75268817 0.62365591 0.60869565 0.79347826],0.6997896213183731
307,False,['NVL'],"['Length', 'Questions']",['Gender'],[0.78431373 0.73202614 0.75490196 0.73770492 0.75409836],0.7526090217507768
308,True,['NVL'],"['Length', 'Questions']",['RI'],[0.72043011 0.75268817 0.62365591 0.60869565 0.79347826],0.6997896213183731
309,False,['NVL'],"['Length', 'Questions']",['RI'],[0.78431373 0.73202614 0.75490196 0.73770492 0.75409836],0.7526090217507768
310,True,['NVL'],"['Length', 'Questions']","['Gender', 'RI']",[0.72043011 0.75268817 0.62365591 0.60869565 0.79347826],0.6997896213183731
311,False,['NVL'],"['Length', 'Questions']","['Gender', 'RI']",[0.78431373 0.73202614 0.75490196 0.73770492 0.75409836],0.7526090217507768
312,True,['NVL'],"['Length', 'Links']",[],[0.72043011 0.75268817 0.62365591 0.60869565 0.79347826],0.6997896213183731
313,False,['NVL'],"['Length', 'Links']",[],[0.78431373 0.73202614 0.75490196 0.73770492 0.75409836],0.7526090217507768
314,True,['NVL'],"['Length', 'Links']",['Gender'],[0.72043011 0.75268817 0.62365591 0.60869565 0.79347826],0.6997896213183731
315,False,['NVL'],"['Length', 'Links']",['Gender'],[0.78431373 0.73202614 0.75490196 0.73770492 0.75409836],0.7526090217507768
316,True,['NVL'],"['Length', 'Links']",['RI'],[0.72043011 0.75268817 0.62365591 0.60869565 0.79347826],0.6997896213183731
317,False,['NVL'],"['Length', 'Links']",['RI'],[0.78431373 0.73202614 0.75490196 0.73770492 0.75409836],0.7526090217507768
318,True,['NVL'],"['Length', 'Links']","['Gender', 'RI']",[0.72043011 0.75268817 0.62365591 0.60869565 0.79347826],0.6997896213183731
319,False,['NVL'],"['Length', 'Links']","['Gender', 'RI']",[0.78431373 0.73202614 0.75490196 0.73770492 0.75409836],0.7526090217507768
320,True,['NVL'],"['Modals', 'Questions']",[],[0.72043011 0.75268817 0.62365591 0.60869565 0.79347826],0.6997896213183731
321,False,['NVL'],"['Modals', 'Questions']",[],[0.78431373 0.73202614 0.75490196 0.73770492 0.75409836],0.7526090217507768
322,True,['NVL'],"['Modals', 'Questions']",['Gender'],[0.72043011 0.75268817 0.62365591 0.60869565 0.79347826],0.6997896213183731
323,False,['NVL'],"['Modals', 'Questions']",['Gender'],[0.78431373 0.73202614 0.75490196 0.73770492 0.75409836],0.7526090217507768
324,True,['NVL'],"['Modals', 'Questions']",['RI'],[0.72043011 0.75268817 0.62365591 0.60869565 0.79347826],0.6997896213183731
325,False,['NVL'],"['Modals', 'Questions']",['RI'],[0.78431373 0.73202614 0.75490196 0.73770492 0.75409836],0.7526090217507768
326,True,['NVL'],"['Modals', 'Questions']","['Gender', 'RI']",[0.72043011 0.75268817 0.62365591 0.60869565 0.79347826],0.6997896213183731
327,False,['NVL'],"['Modals', 'Questions']","['Gender', 'RI']",[0.78431373 0.73202614 0.75490196 0.73770492 0.75409836],0.7526090217507768
328,True,['NVL'],"['Modals', 'Links']",[],[0.72043011 0.75268817 0.62365591 0.60869565 0.79347826],0.6997896213183731
329,False,['NVL'],"['Modals', 'Links']",[],[0.78431373 0.73202614 0.75490196 0.73770492 0.75409836],0.7526090217507768
330,True,['NVL'],"['Modals', 'Links']",['Gender'],[0.72043011 0.75268817 0.62365591 0.60869565 0.79347826],0.6997896213183731
331,False,['NVL'],"['Modals', 'Links']",['Gender'],[0.78431373 0.73202614 0.75490196 0.73770492 0.75409836],0.7526090217507768
332,True,['NVL'],"['Modals', 'Links']",['RI'],[0.72043011 0.75268817 0.62365591 0.60869565 0.79347826],0.6997896213183731
333,False,['NVL'],"['Modals', 'Links']",['RI'],[0.78431373 0.73202614 0.75490196 0.73770492 0.75409836],0.7526090217507768
334,True,['NVL'],"['Modals', 'Links']","['Gender', 'RI']",[0.72043011 0.75268817 0.62365591 0.60869565 0.79347826],0.6997896213183731
335,False,['NVL'],"['Modals', 'Links']","['Gender', 'RI']",[0.78431373 0.73202614 0.75490196 0.73770492 0.75409836],0.7526090217507768
336,True,['NVL'],"['Questions', 'Links']",[],[0.72043011 0.75268817 0.62365591 0.60869565 0.79347826],0.6997896213183731
337,False,['NVL'],"['Questions', 'Links']",[],[0.78431373 0.73202614 0.75490196 0.73770492 0.75409836],0.7526090217507768
338,True,['NVL'],"['Questions', 'Links']",['Gender'],[0.72043011 0.75268817 0.62365591 0.60869565 0.79347826],0.6997896213183731
339,False,['NVL'],"['Questions', 'Links']",['Gender'],[0.78431373 0.73202614 0.75490196 0.73770492 0.75409836],0.7526090217507768
340,True,['NVL'],"['Questions', 'Links']",['RI'],[0.72043011 0.75268817 0.62365591 0.60869565 0.79347826],0.6997896213183731
341,False,['NVL'],"['Questions', 'Links']",['RI'],[0.78431373 0.73202614 0.75490196 0.73770492 0.75409836],0.7526090217507768
342,True,['NVL'],"['Questions', 'Links']","['Gender', 'RI']",[0.72043011 0.75268817 0.62365591 0.60869565 0.79347826],0.6997896213183731
343,False,['NVL'],"['Questions', 'Links']","['Gender', 'RI']",[0.78431373 0.73202614 0.75490196 0.73770492 0.75409836],0.7526090217507768
344,True,['NVL'],"['Length', 'Modals', 'Questions']",[],[0.72043011 0.75268817 0.62365591 0.60869565 0.79347826],0.6997896213183731
345,False,['NVL'],"['Length', 'Modals', 'Questions']",[],[0.78431373 0.73202614 0.75490196 0.73770492 0.75409836],0.7526090217507768
346,True,['NVL'],"['Length', 'Modals', 'Questions']",['Gender'],[0.72043011 0.75268817 0.62365591 0.60869565 0.79347826],0.6997896213183731
347,False,['NVL'],"['Length', 'Modals', 'Questions']",['Gender'],[0.78431373 0.73202614 0.75490196 0.73770492 0.75409836],0.7526090217507768
348,True,['NVL'],"['Length', 'Modals', 'Questions']",['RI'],[0.72043011 0.75268817 0.62365591 0.60869565 0.79347826],0.6997896213183731
349,False,['NVL'],"['Length', 'Modals', 'Questions']",['RI'],[0.78431373 0.73202614 0.75490196 0.73770492 0.75409836],0.7526090217507768
350,True,['NVL'],"['Length', 'Modals', 'Questions']","['Gender', 'RI']",[0.72043011 0.75268817 0.62365591 0.60869565 0.79347826],0.6997896213183731
351,False,['NVL'],"['Length', 'Modals', 'Questions']","['Gender', 'RI']",[0.78431373 0.73202614 0.75490196 0.73770492 0.75409836],0.7526090217507768
352,True,['NVL'],"['Length', 'Modals', 'Links']",[],[0.72043011 0.75268817 0.62365591 0.60869565 0.79347826],0.6997896213183731
353,False,['NVL'],"['Length', 'Modals', 'Links']",[],[0.78431373 0.73202614 0.75490196 0.73770492 0.75409836],0.7526090217507768
354,True,['NVL'],"['Length', 'Modals', 'Links']",['Gender'],[0.72043011 0.75268817 0.62365591 0.60869565 0.79347826],0.6997896213183731
355,False,['NVL'],"['Length', 'Modals', 'Links']",['Gender'],[0.78431373 0.73202614 0.75490196 0.73770492 0.75409836],0.7526090217507768
356,True,['NVL'],"['Length', 'Modals', 'Links']",['RI'],[0.72043011 0.75268817 0.62365591 0.60869565 0.79347826],0.6997896213183731
357,False,['NVL'],"['Length', 'Modals', 'Links']",['RI'],[0.78431373 0.73202614 0.75490196 0.73770492 0.75409836],0.7526090217507768
358,True,['NVL'],"['Length', 'Modals', 'Links']","['Gender', 'RI']",[0.72043011 0.75268817 0.62365591 0.60869565 0.79347826],0.6997896213183731
359,False,['NVL'],"['Length', 'Modals', 'Links']","['Gender', 'RI']",[0.78431373 0.73202614 0.75490196 0.73770492 0.75409836],0.7526090217507768
360,True,['NVL'],"['Length', 'Questions', 'Links']",[],[0.72043011 0.75268817 0.62365591 0.60869565 0.79347826],0.6997896213183731
361,False,['NVL'],"['Length', 'Questions', 'Links']",[],[0.78431373 0.73202614 0.75490196 0.73770492 0.75409836],0.7526090217507768
362,True,['NVL'],"['Length', 'Questions', 'Links']",['Gender'],[0.72043011 0.75268817 0.62365591 0.60869565 0.79347826],0.6997896213183731
363,False,['NVL'],"['Length', 'Questions', 'Links']",['Gender'],[0.78431373 0.73202614 0.75490196 0.73770492 0.75409836],0.7526090217507768
364,True,['NVL'],"['Length', 'Questions', 'Links']",['RI'],[0.72043011 0.75268817 0.62365591 0.60869565 0.79347826],0.6997896213183731
365,False,['NVL'],"['Length', 'Questions', 'Links']",['RI'],[0.78431373 0.73202614 0.75490196 0.73770492 0.75409836],0.7526090217507768
366,True,['NVL'],"['Length', 'Questions', 'Links']","['Gender', 'RI']",[0.72043011 0.75268817 0.62365591 0.60869565 0.79347826],0.6997896213183731
367,False,['NVL'],"['Length', 'Questions', 'Links']","['Gender', 'RI']",[0.78431373 0.73202614 0.75490196 0.73770492 0.75409836],0.7526090217507768
368,True,['NVL'],"['Modals', 'Questions', 'Links']",[],[0.72043011 0.75268817 0.62365591 0.60869565 0.79347826],0.6997896213183731
369,False,['NVL'],"['Modals', 'Questions', 'Links']",[],[0.78431373 0.73202614 0.75490196 0.73770492 0.75409836],0.7526090217507768
370,True,['NVL'],"['Modals', 'Questions', 'Links']",['Gender'],[0.72043011 0.75268817 0.62365591 0.60869565 0.79347826],0.6997896213183731
371,False,['NVL'],"['Modals', 'Questions', 'Links']",['Gender'],[0.78431373 0.73202614 0.75490196 0.73770492 0.75409836],0.7526090217507768
372,True,['NVL'],"['Modals', 'Questions', 'Links']",['RI'],[0.72043011 0.75268817 0.62365591 0.60869565 0.79347826],0.6997896213183731
373,False,['NVL'],"['Modals', 'Questions', 'Links']",['RI'],[0.78431373 0.73202614 0.75490196 0.73770492 0.75409836],0.7526090217507768
374,True,['NVL'],"['Modals', 'Questions', 'Links']","['Gender', 'RI']",[0.72043011 0.75268817 0.62365591 0.60869565 0.79347826],0.6997896213183731
375,False,['NVL'],"['Modals', 'Questions', 'Links']","['Gender', 'RI']",[0.78431373 0.73202614 0.75490196 0.73770492 0.75409836],0.7526090217507768
376,True,['NVL'],"['Length', 'Modals', 'Questions', 'Links']",[],[0.72043011 0.75268817 0.62365591 0.60869565 0.79347826],0.6997896213183731
377,False,['NVL'],"['Length', 'Modals', 'Questions', 'Links']",[],[0.78431373 0.73202614 0.75490196 0.73770492 0.75409836],0.7526090217507768
378,True,['NVL'],"['Length', 'Modals', 'Questions', 'Links']",['Gender'],[0.72043011 0.75268817 0.62365591 0.60869565 0.79347826],0.6997896213183731
379,False,['NVL'],"['Length', 'Modals', 'Questions', 'Links']",['Gender'],[0.78431373 0.73202614 0.75490196 0.73770492 0.75409836],0.7526090217507768
380,True,['NVL'],"['Length', 'Modals', 'Questions', 'Links']",['RI'],[0.72043011 0.75268817 0.62365591 0.60869565 0.79347826],0.6997896213183731
381,False,['NVL'],"['Length', 'Modals', 'Questions', 'Links']",['RI'],[0.78431373 0.73202614 0.75490196 0.73770492 0.75409836],0.7526090217507768
382,True,['NVL'],"['Length', 'Modals', 'Questions', 'Links']","['Gender', 'RI']",[0.72043011 0.75268817 0.62365591 0.60869565 0.79347826],0.6997896213183731
383,False,['NVL'],"['Length', 'Modals', 'Questions', 'Links']","['Gender', 'RI']",[0.78431373 0.73202614 0.75490196 0.73770492 0.75409836],0.7526090217507768
384,True,"['CL', 'NVL']",[],[],[0.72043011 0.75268817 0.62365591 0.60869565 0.79347826],0.6997896213183731
385,False,"['CL', 'NVL']",[],[],[0.78431373 0.73202614 0.75490196 0.73770492 0.75409836],0.7526090217507768
386,True,"['CL', 'NVL']",[],['Gender'],[0.72043011 0.75268817 0.62365591 0.60869565 0.79347826],0.6997896213183731
387,False,"['CL', 'NVL']",[],['Gender'],[0.78431373 0.73202614 0.75490196 0.73770492 0.75409836],0.7526090217507768
388,True,"['CL', 'NVL']",[],['RI'],[0.72043011 0.75268817 0.62365591 0.60869565 0.79347826],0.6997896213183731
389,False,"['CL', 'NVL']",[],['RI'],[0.78431373 0.73202614 0.75490196 0.73770492 0.75409836],0.7526090217507768
390,True,"['CL', 'NVL']",[],"['Gender', 'RI']",[0.72043011 0.75268817 0.62365591 0.60869565 0.79347826],0.6997896213183731
391,False,"['CL', 'NVL']",[],"['Gender', 'RI']",[0.78431373 0.73202614 0.75490196 0.73770492 0.75409836],0.7526090217507768
392,True,"['CL', 'NVL']",['Length'],[],[0.72043011 0.75268817 0.62365591 0.60869565 0.79347826],0.6997896213183731
393,False,"['CL', 'NVL']",['Length'],[],[0.78431373 0.73202614 0.75490196 0.73770492 0.75409836],0.7526090217507768
394,True,"['CL', 'NVL']",['Length'],['Gender'],[0.72043011 0.75268817 0.62365591 0.60869565 0.79347826],0.6997896213183731
395,False,"['CL', 'NVL']",['Length'],['Gender'],[0.78431373 0.73202614 0.75490196 0.73770492 0.75409836],0.7526090217507768
396,True,"['CL', 'NVL']",['Length'],['RI'],[0.72043011 0.75268817 0.62365591 0.60869565 0.79347826],0.6997896213183731
397,False,"['CL', 'NVL']",['Length'],['RI'],[0.78431373 0.73202614 0.75490196 0.73770492 0.75409836],0.7526090217507768
398,True,"['CL', 'NVL']",['Length'],"['Gender', 'RI']",[0.72043011 0.75268817 0.62365591 0.60869565 0.79347826],0.6997896213183731
399,False,"['CL', 'NVL']",['Length'],"['Gender', 'RI']",[0.78431373 0.73202614 0.75490196 0.73770492 0.75409836],0.7526090217507768
400,True,"['CL', 'NVL']",['Modals'],[],[0.72043011 0.75268817 0.62365591 0.60869565 0.79347826],0.6997896213183731
401,False,"['CL', 'NVL']",['Modals'],[],[0.78431373 0.73202614 0.75490196 0.73770492 0.75409836],0.7526090217507768
402,True,"['CL', 'NVL']",['Modals'],['Gender'],[0.72043011 0.75268817 0.62365591 0.60869565 0.79347826],0.6997896213183731
403,False,"['CL', 'NVL']",['Modals'],['Gender'],[0.78431373 0.73202614 0.75490196 0.73770492 0.75409836],0.7526090217507768
404,True,"['CL', 'NVL']",['Modals'],['RI'],[0.72043011 0.75268817 0.62365591 0.60869565 0.79347826],0.6997896213183731
405,False,"['CL', 'NVL']",['Modals'],['RI'],[0.78431373 0.73202614 0.75490196 0.73770492 0.75409836],0.7526090217507768
406,True,"['CL', 'NVL']",['Modals'],"['Gender', 'RI']",[0.72043011 0.75268817 0.62365591 0.60869565 0.79347826],0.6997896213183731
407,False,"['CL', 'NVL']",['Modals'],"['Gender', 'RI']",[0.78431373 0.73202614 0.75490196 0.73770492 0.75409836],0.7526090217507768
408,True,"['CL', 'NVL']",['Questions'],[],[0.72043011 0.75268817 0.62365591 0.60869565 0.79347826],0.6997896213183731
409,False,"['CL', 'NVL']",['Questions'],[],[0.78431373 0.73202614 0.75490196 0.73770492 0.75409836],0.7526090217507768
410,True,"['CL', 'NVL']",['Questions'],['Gender'],[0.72043011 0.75268817 0.62365591 0.60869565 0.79347826],0.6997896213183731
411,False,"['CL', 'NVL']",['Questions'],['Gender'],[0.78431373 0.73202614 0.75490196 0.73770492 0.75409836],0.7526090217507768
412,True,"['CL', 'NVL']",['Questions'],['RI'],[0.72043011 0.75268817 0.62365591 0.60869565 0.79347826],0.6997896213183731
413,False,"['CL', 'NVL']",['Questions'],['RI'],[0.78431373 0.73202614 0.75490196 0.73770492 0.75409836],0.7526090217507768
414,True,"['CL', 'NVL']",['Questions'],"['Gender', 'RI']",[0.72043011 0.75268817 0.62365591 0.60869565 0.79347826],0.6997896213183731
415,False,"['CL', 'NVL']",['Questions'],"['Gender', 'RI']",[0.78431373 0.73202614 0.75490196 0.73770492 0.75409836],0.7526090217507768
416,True,"['CL', 'NVL']",['Links'],[],[0.72043011 0.75268817 0.62365591 0.60869565 0.79347826],0.6997896213183731
417,False,"['CL', 'NVL']",['Links'],[],[0.78431373 0.73202614 0.75490196 0.73770492 0.75409836],0.7526090217507768
418,True,"['CL', 'NVL']",['Links'],['Gender'],[0.72043011 0.75268817 0.62365591 0.60869565 0.79347826],0.6997896213183731
419,False,"['CL', 'NVL']",['Links'],['Gender'],[0.78431373 0.73202614 0.75490196 0.73770492 0.75409836],0.7526090217507768
420,True,"['CL', 'NVL']",['Links'],['RI'],[0.72043011 0.75268817 0.62365591 0.60869565 0.79347826],0.6997896213183731
421,False,"['CL', 'NVL']",['Links'],['RI'],[0.78431373 0.73202614 0.75490196 0.73770492 0.75409836],0.7526090217507768
422,True,"['CL', 'NVL']",['Links'],"['Gender', 'RI']",[0.72043011 0.75268817 0.62365591 0.60869565 0.79347826],0.6997896213183731
423,False,"['CL', 'NVL']",['Links'],"['Gender', 'RI']",[0.78431373 0.73202614 0.75490196 0.73770492 0.75409836],0.7526090217507768
424,True,"['CL', 'NVL']","['Length', 'Modals']",[],[0.72043011 0.75268817 0.62365591 0.60869565 0.79347826],0.6997896213183731
425,False,"['CL', 'NVL']","['Length', 'Modals']",[],[0.78431373 0.73202614 0.75490196 0.73770492 0.75409836],0.7526090217507768
426,True,"['CL', 'NVL']","['Length', 'Modals']",['Gender'],[0.72043011 0.75268817 0.62365591 0.60869565 0.79347826],0.6997896213183731
427,False,"['CL', 'NVL']","['Length', 'Modals']",['Gender'],[0.78431373 0.73202614 0.75490196 0.73770492 0.75409836],0.7526090217507768
428,True,"['CL', 'NVL']","['Length', 'Modals']",['RI'],[0.72043011 0.75268817 0.62365591 0.60869565 0.79347826],0.6997896213183731
429,False,"['CL', 'NVL']","['Length', 'Modals']",['RI'],[0.78431373 0.73202614 0.75490196 0.73770492 0.75409836],0.7526090217507768
430,True,"['CL', 'NVL']","['Length', 'Modals']","['Gender', 'RI']",[0.72043011 0.75268817 0.62365591 0.60869565 0.79347826],0.6997896213183731
431,False,"['CL', 'NVL']","['Length', 'Modals']","['Gender', 'RI']",[0.78431373 0.73202614 0.75490196 0.73770492 0.75409836],0.7526090217507768
432,True,"['CL', 'NVL']","['Length', 'Questions']",[],[0.72043011 0.75268817 0.62365591 0.60869565 0.79347826],0.6997896213183731
433,False,"['CL', 'NVL']","['Length', 'Questions']",[],[0.78431373 0.73202614 0.75490196 0.73770492 0.75409836],0.7526090217507768
434,True,"['CL', 'NVL']","['Length', 'Questions']",['Gender'],[0.72043011 0.75268817 0.62365591 0.60869565 0.79347826],0.6997896213183731
435,False,"['CL', 'NVL']","['Length', 'Questions']",['Gender'],[0.78431373 0.73202614 0.75490196 0.73770492 0.75409836],0.7526090217507768
436,True,"['CL', 'NVL']","['Length', 'Questions']",['RI'],[0.72043011 0.75268817 0.62365591 0.60869565 0.79347826],0.6997896213183731
437,False,"['CL', 'NVL']","['Length', 'Questions']",['RI'],[0.78431373 0.73202614 0.75490196 0.73770492 0.75409836],0.7526090217507768
438,True,"['CL', 'NVL']","['Length', 'Questions']","['Gender', 'RI']",[0.72043011 0.75268817 0.62365591 0.60869565 0.79347826],0.6997896213183731
439,False,"['CL', 'NVL']","['Length', 'Questions']","['Gender', 'RI']",[0.78431373 0.73202614 0.75490196 0.73770492 0.75409836],0.7526090217507768
440,True,"['CL', 'NVL']","['Length', 'Links']",[],[0.72043011 0.75268817 0.62365591 0.60869565 0.79347826],0.6997896213183731
441,False,"['CL', 'NVL']","['Length', 'Links']",[],[0.78431373 0.73202614 0.75490196 0.73770492 0.75409836],0.7526090217507768
442,True,"['CL', 'NVL']","['Length', 'Links']",['Gender'],[0.72043011 0.75268817 0.62365591 0.60869565 0.79347826],0.6997896213183731
443,False,"['CL', 'NVL']","['Length', 'Links']",['Gender'],[0.78431373 0.73202614 0.75490196 0.73770492 0.75409836],0.7526090217507768
444,True,"['CL', 'NVL']","['Length', 'Links']",['RI'],[0.72043011 0.75268817 0.62365591 0.60869565 0.79347826],0.6997896213183731
445,False,"['CL', 'NVL']","['Length', 'Links']",['RI'],[0.78431373 0.73202614 0.75490196 0.73770492 0.75409836],0.7526090217507768
446,True,"['CL', 'NVL']","['Length', 'Links']","['Gender', 'RI']",[0.72043011 0.75268817 0.62365591 0.60869565 0.79347826],0.6997896213183731
447,False,"['CL', 'NVL']","['Length', 'Links']","['Gender', 'RI']",[0.78431373 0.73202614 0.75490196 0.73770492 0.75409836],0.7526090217507768
448,True,"['CL', 'NVL']","['Modals', 'Questions']",[],[0.72043011 0.75268817 0.62365591 0.60869565 0.79347826],0.6997896213183731
449,False,"['CL', 'NVL']","['Modals', 'Questions']",[],[0.78431373 0.73202614 0.75490196 0.73770492 0.75409836],0.7526090217507768
450,True,"['CL', 'NVL']","['Modals', 'Questions']",['Gender'],[0.72043011 0.75268817 0.62365591 0.60869565 0.79347826],0.6997896213183731
451,False,"['CL', 'NVL']","['Modals', 'Questions']",['Gender'],[0.78431373 0.73202614 0.75490196 0.73770492 0.75409836],0.7526090217507768
452,True,"['CL', 'NVL']","['Modals', 'Questions']",['RI'],[0.72043011 0.75268817 0.62365591 0.60869565 0.79347826],0.6997896213183731
453,False,"['CL', 'NVL']","['Modals', 'Questions']",['RI'],[0.78431373 0.73202614 0.75490196 0.73770492 0.75409836],0.7526090217507768
454,True,"['CL', 'NVL']","['Modals', 'Questions']","['Gender', 'RI']",[0.72043011 0.75268817 0.62365591 0.60869565 0.79347826],0.6997896213183731
455,False,"['CL', 'NVL']","['Modals', 'Questions']","['Gender', 'RI']",[0.78431373 0.73202614 0.75490196 0.73770492 0.75409836],0.7526090217507768
456,True,"['CL', 'NVL']","['Modals', 'Links']",[],[0.72043011 0.75268817 0.62365591 0.60869565 0.79347826],0.6997896213183731
457,False,"['CL', 'NVL']","['Modals', 'Links']",[],[0.78431373 0.73202614 0.75490196 0.73770492 0.75409836],0.7526090217507768
458,True,"['CL', 'NVL']","['Modals', 'Links']",['Gender'],[0.72043011 0.75268817 0.62365591 0.60869565 0.79347826],0.6997896213183731
459,False,"['CL', 'NVL']","['Modals', 'Links']",['Gender'],[0.78431373 0.73202614 0.75490196 0.73770492 0.75409836],0.7526090217507768
460,True,"['CL', 'NVL']","['Modals', 'Links']",['RI'],[0.72043011 0.75268817 0.62365591 0.60869565 0.79347826],0.6997896213183731
461,False,"['CL', 'NVL']","['Modals', 'Links']",['RI'],[0.78431373 0.73202614 0.75490196 0.73770492 0.75409836],0.7526090217507768
462,True,"['CL', 'NVL']","['Modals', 'Links']","['Gender', 'RI']",[0.72043011 0.75268817 0.62365591 0.60869565 0.79347826],0.6997896213183731
463,False,"['CL', 'NVL']","['Modals', 'Links']","['Gender', 'RI']",[0.78431373 0.73202614 0.75490196 0.73770492 0.75409836],0.7526090217507768
464,True,"['CL', 'NVL']","['Questions', 'Links']",[],[0.72043011 0.75268817 0.62365591 0.60869565 0.79347826],0.6997896213183731
465,False,"['CL', 'NVL']","['Questions', 'Links']",[],[0.78431373 0.73202614 0.75490196 0.73770492 0.75409836],0.7526090217507768
466,True,"['CL', 'NVL']","['Questions', 'Links']",['Gender'],[0.72043011 0.75268817 0.62365591 0.60869565 0.79347826],0.6997896213183731
467,False,"['CL', 'NVL']","['Questions', 'Links']",['Gender'],[0.78431373 0.73202614 0.75490196 0.73770492 0.75409836],0.7526090217507768
468,True,"['CL', 'NVL']","['Questions', 'Links']",['RI'],[0.72043011 0.75268817 0.62365591 0.60869565 0.79347826],0.6997896213183731
469,False,"['CL', 'NVL']","['Questions', 'Links']",['RI'],[0.78431373 0.73202614 0.75490196 0.73770492 0.75409836],0.7526090217507768
470,True,"['CL', 'NVL']","['Questions', 'Links']","['Gender', 'RI']",[0.72043011 0.75268817 0.62365591 0.60869565 0.79347826],0.6997896213183731
471,False,"['CL', 'NVL']","['Questions', 'Links']","['Gender', 'RI']",[0.78431373 0.73202614 0.75490196 0.73770492 0.75409836],0.7526090217507768
472,True,"['CL', 'NVL']","['Length', 'Modals', 'Questions']",[],[0.72043011 0.75268817 0.62365591 0.60869565 0.79347826],0.6997896213183731
473,False,"['CL', 'NVL']","['Length', 'Modals', 'Questions']",[],[0.78431373 0.73202614 0.75490196 0.73770492 0.75409836],0.7526090217507768
474,True,"['CL', 'NVL']","['Length', 'Modals', 'Questions']",['Gender'],[0.72043011 0.75268817 0.62365591 0.60869565 0.79347826],0.6997896213183731
475,False,"['CL', 'NVL']","['Length', 'Modals', 'Questions']",['Gender'],[0.78431373 0.73202614 0.75490196 0.73770492 0.75409836],0.7526090217507768
476,True,"['CL', 'NVL']","['Length', 'Modals', 'Questions']",['RI'],[0.72043011 0.75268817 0.62365591 0.60869565 0.79347826],0.6997896213183731
477,False,"['CL', 'NVL']","['Length', 'Modals', 'Questions']",['RI'],[0.78431373 0.73202614 0.75490196 0.73770492 0.75409836],0.7526090217507768
478,True,"['CL', 'NVL']","['Length', 'Modals', 'Questions']","['Gender', 'RI']",[0.72043011 0.75268817 0.62365591 0.60869565 0.79347826],0.6997896213183731
479,False,"['CL', 'NVL']","['Length', 'Modals', 'Questions']","['Gender', 'RI']",[0.78431373 0.73202614 0.75490196 0.73770492 0.75409836],0.7526090217507768
480,True,"['CL', 'NVL']","['Length', 'Modals', 'Links']",[],[0.72043011 0.75268817 0.62365591 0.60869565 0.79347826],0.6997896213183731
481,False,"['CL', 'NVL']","['Length', 'Modals', 'Links']",[],[0.78431373 0.73202614 0.75490196 0.73770492 0.75409836],0.7526090217507768
482,True,"['CL', 'NVL']","['Length', 'Modals', 'Links']",['Gender'],[0.72043011 0.75268817 0.62365591 0.60869565 0.79347826],0.6997896213183731
483,False,"['CL', 'NVL']","['Length', 'Modals', 'Links']",['Gender'],[0.78431373 0.73202614 0.75490196 0.73770492 0.75409836],0.7526090217507768
484,True,"['CL', 'NVL']","['Length', 'Modals', 'Links']",['RI'],[0.72043011 0.75268817 0.62365591 0.60869565 0.79347826],0.6997896213183731
485,False,"['CL', 'NVL']","['Length', 'Modals', 'Links']",['RI'],[0.78431373 0.73202614 0.75490196 0.73770492 0.75409836],0.7526090217507768
486,True,"['CL', 'NVL']","['Length', 'Modals', 'Links']","['Gender', 'RI']",[0.72043011 0.75268817 0.62365591 0.60869565 0.79347826],0.6997896213183731
487,False,"['CL', 'NVL']","['Length', 'Modals', 'Links']","['Gender', 'RI']",[0.78431373 0.73202614 0.75490196 0.73770492 0.75409836],0.7526090217507768
488,True,"['CL', 'NVL']","['Length', 'Questions', 'Links']",[],[0.72043011 0.75268817 0.62365591 0.60869565 0.79347826],0.6997896213183731
489,False,"['CL', 'NVL']","['Length', 'Questions', 'Links']",[],[0.78431373 0.73202614 0.75490196 0.73770492 0.75409836],0.7526090217507768
490,True,"['CL', 'NVL']","['Length', 'Questions', 'Links']",['Gender'],[0.72043011 0.75268817 0.62365591 0.60869565 0.79347826],0.6997896213183731
491,False,"['CL', 'NVL']","['Length', 'Questions', 'Links']",['Gender'],[0.78431373 0.73202614 0.75490196 0.73770492 0.75409836],0.7526090217507768
492,True,"['CL', 'NVL']","['Length', 'Questions', 'Links']",['RI'],[0.72043011 0.75268817 0.62365591 0.60869565 0.79347826],0.6997896213183731
493,False,"['CL', 'NVL']","['Length', 'Questions', 'Links']",['RI'],[0.78431373 0.73202614 0.75490196 0.73770492 0.75409836],0.7526090217507768
494,True,"['CL', 'NVL']","['Length', 'Questions', 'Links']","['Gender', 'RI']",[0.72043011 0.75268817 0.62365591 0.60869565 0.79347826],0.6997896213183731
495,False,"['CL', 'NVL']","['Length', 'Questions', 'Links']","['Gender', 'RI']",[0.78431373 0.73202614 0.75490196 0.73770492 0.75409836],0.7526090217507768
496,True,"['CL', 'NVL']","['Modals', 'Questions', 'Links']",[],[0.72043011 0.75268817 0.62365591 0.60869565 0.79347826],0.6997896213183731
497,False,"['CL', 'NVL']","['Modals', 'Questions', 'Links']",[],[0.78431373 0.73202614 0.75490196 0.73770492 0.75409836],0.7526090217507768
498,True,"['CL', 'NVL']","['Modals', 'Questions', 'Links']",['Gender'],[0.72043011 0.75268817 0.62365591 0.60869565 0.79347826],0.6997896213183731
499,False,"['CL', 'NVL']","['Modals', 'Questions', 'Links']",['Gender'],[0.78431373 0.73202614 0.75490196 0.73770492 0.75409836],0.7526090217507768
500,True,"['CL', 'NVL']","['Modals', 'Questions', 'Links']",['RI'],[0.72043011 0.75268817 0.62365591 0.60869565 0.79347826],0.6997896213183731
501,False,"['CL', 'NVL']","['Modals', 'Questions', 'Links']",['RI'],[0.78431373 0.73202614 0.75490196 0.73770492 0.75409836],0.7526090217507768
502,True,"['CL', 'NVL']","['Modals', 'Questions', 'Links']","['Gender', 'RI']",[0.72043011 0.75268817 0.62365591 0.60869565 0.79347826],0.6997896213183731
503,False,"['CL', 'NVL']","['Modals', 'Questions', 'Links']","['Gender', 'RI']",[0.78431373 0.73202614 0.75490196 0.73770492 0.75409836],0.7526090217507768
504,True,"['CL', 'NVL']","['Length', 'Modals', 'Questions', 'Links']",[],[0.72043011 0.75268817 0.62365591 0.60869565 0.79347826],0.6997896213183731
505,False,"['CL', 'NVL']","['Length', 'Modals', 'Questions', 'Links']",[],[0.78431373 0.73202614 0.75490196 0.73770492 0.75409836],0.7526090217507768
506,True,"['CL', 'NVL']","['Length', 'Modals', 'Questions', 'Links']",['Gender'],[0.72043011 0.75268817 0.62365591 0.60869565 0.79347826],0.6997896213183731
507,False,"['CL', 'NVL']","['Length', 'Modals', 'Questions', 'Links']",['Gender'],[0.78431373 0.73202614 0.75490196 0.73770492 0.75409836],0.7526090217507768
508,True,"['CL', 'NVL']","['Length', 'Modals', 'Questions', 'Links']",['RI'],[0.72043011 0.75268817 0.62365591 0.60869565 0.79347826],0.6997896213183731
509,False,"['CL', 'NVL']","['Length', 'Modals', 'Questions', 'Links']",['RI'],[0.78431373 0.73202614 0.75490196 0.73770492 0.75409836],0.7526090217507768
510,True,"['CL', 'NVL']","['Length', 'Modals', 'Questions', 'Links']","['Gender', 'RI']",[0.72043011 0.75268817 0.62365591 0.60869565 0.79347826],0.6997896213183731
511,False,"['CL', 'NVL']","['Length', 'Modals', 'Questions', 'Links']","['Gender', 'RI']",[0.78431373 0.73202614 0.75490196 0.73770492 0.75409836],0.7526090217507768
